"lvl3","Isolate","color"
1,"G01","#00429d"
1,"G1137","#00429d"
1,"G1582","#00429d"
1,"G1941","#00429d"
1,"G2228","#00429d"
1,"G2229","#00429d"
1,"G1152","#00429d"
1,"G1545","#00429d"
1,"G1918","#00429d"
1,"G22","#00429d"
1,"G838m","#00429d"
1,"G124","#00429d"
1,"G323m","#00429d"
1,"G941","#00429d"
1,"G1358","#00429d"
1,"G3000","#00429d"
2,"G02","#0649a0"
2,"G2024","#0649a0"
2,"G2728","#0649a0"
2,"G828m","#0649a0"
2,"G2979","#0649a0"
2,"G298m","#0649a0"
3,"G1073","#0c51a3"
3,"G2435","#0c51a3"
3,"G2451","#0c51a3"
3,"G356m","#0c51a3"
3,"G470m","#0c51a3"
4,"G1332","#1258a6"
4,"G1922","#1258a6"
4,"G1925","#1258a6"
4,"G1915","#1258a6"
4,"G1916","#1258a6"
4,"G2095","#1258a6"
4,"G2281","#1258a6"
5,"G1364","#175fa9"
5,"G2179","#175fa9"
5,"G2836","#175fa9"
5,"G888","#175fa9"
6,"G03","#1d67ac"
6,"G1347","#1d67ac"
6,"G1471_NOSIP","#1d67ac"
6,"G1474_NOSIP","#1d67ac"
6,"G1505","#1d67ac"
6,"G1506","#1d67ac"
6,"G1538","#1d67ac"
6,"G1783","#1d67ac"
6,"G2266","#1d67ac"
6,"G503m","#1d67ac"
6,"G1090","#1d67ac"
6,"G1775","#1d67ac"
6,"G1842","#1d67ac"
6,"G2059","#1d67ac"
6,"G271","#1d67ac"
6,"G125","#1d67ac"
6,"G1342","#1d67ac"
6,"G147","#1d67ac"
6,"G1676","#1d67ac"
6,"G1792","#1d67ac"
6,"G1829","#1d67ac"
6,"G2105","#1d67ac"
6,"G1272","#1d67ac"
6,"G1315","#1d67ac"
6,"G1439","#1d67ac"
6,"G144","#1d67ac"
6,"G151","#1d67ac"
6,"G1539","#1d67ac"
6,"G1546","#1d67ac"
6,"G1566","#1d67ac"
6,"G1607","#1d67ac"
6,"G1768","#1d67ac"
6,"G1777m","#1d67ac"
6,"G1778","#1d67ac"
6,"G1972","#1d67ac"
6,"G2002","#1d67ac"
6,"G2019","#1d67ac"
6,"G2093","#1d67ac"
6,"G2226","#1d67ac"
6,"G2279","#1d67ac"
6,"G237","#1d67ac"
6,"G2397","#1d67ac"
6,"G2411","#1d67ac"
6,"G2526","#1d67ac"
6,"G2603","#1d67ac"
6,"G2660","#1d67ac"
6,"G2769","#1d67ac"
6,"G2788","#1d67ac"
6,"G287","#1d67ac"
6,"G3074","#1d67ac"
6,"G398m","#1d67ac"
6,"G697m","#1d67ac"
6,"G884","#1d67ac"
6,"G886","#1d67ac"
6,"G1484m","#1d67ac"
6,"G192","#1d67ac"
6,"G251","#1d67ac"
6,"G571m","#1d67ac"
6,"G846m","#1d67ac"
6,"G1520","#1d67ac"
6,"G1590","#1d67ac"
6,"G165","#1d67ac"
6,"G1764","#1d67ac"
6,"G1788","#1d67ac"
6,"G2280","#1d67ac"
6,"G249","#1d67ac"
6,"G2532","#1d67ac"
6,"G2624","#1d67ac"
6,"G2682","#1d67ac"
6,"G562m","#1d67ac"
6,"G909","#1d67ac"
7,"G1000","#236eaf"
7,"G1012","#236eaf"
7,"G1059m","#236eaf"
7,"G117","#236eaf"
7,"G130","#236eaf"
7,"G1422","#236eaf"
7,"G1513","#236eaf"
7,"G1644","#236eaf"
7,"G167","#236eaf"
7,"G1703","#236eaf"
7,"G1717","#236eaf"
7,"G1828m","#236eaf"
7,"G1860","#236eaf"
7,"G1864","#236eaf"
7,"G1908","#236eaf"
7,"G1910","#236eaf"
7,"G1970","#236eaf"
7,"G1997","#236eaf"
7,"G2027","#236eaf"
7,"G2195","#236eaf"
7,"G2218","#236eaf"
7,"G224","#236eaf"
7,"G2336","#236eaf"
7,"G2481","#236eaf"
7,"G2483m","#236eaf"
7,"G3058","#236eaf"
7,"G3061","#236eaf"
7,"G338m","#236eaf"
7,"G498m","#236eaf"
7,"G499m","#236eaf"
7,"G552m","#236eaf"
7,"G556m","#236eaf"
7,"G587","#236eaf"
7,"G766m","#236eaf"
7,"G817m","#236eaf"
7,"G830m","#236eaf"
7,"G83","#236eaf"
7,"G860m","#236eaf"
7,"G906","#236eaf"
7,"G923m","#236eaf"
7,"G1170","#236eaf"
7,"G1201","#236eaf"
7,"G1533","#236eaf"
7,"G1627","#236eaf"
7,"G1867m","#236eaf"
7,"G2220","#236eaf"
7,"G2420","#236eaf"
7,"G2620","#236eaf"
7,"G950","#236eaf"
7,"G980","#236eaf"
7,"G1316","#236eaf"
7,"G1318","#236eaf"
7,"G1428","#236eaf"
7,"G1858m","#236eaf"
7,"G2171","#236eaf"
7,"G2227","#236eaf"
7,"G2447","#236eaf"
7,"G2571","#236eaf"
7,"G2579","#236eaf"
7,"G2630","#236eaf"
7,"G73","#236eaf"
7,"G95m_NOSIP","#236eaf"
8,"G1060","#2975b2"
8,"G2264","#2975b2"
8,"G2407","#2975b2"
8,"G921","#2975b2"
8,"G1098m","#2975b2"
8,"G1752m","#2975b2"
8,"G2464","#2975b2"
8,"G2685","#2975b2"
8,"G2698","#2975b2"
8,"G2837","#2975b2"
8,"G589","#2975b2"
8,"G1099","#2975b2"
8,"G1163","#2975b2"
8,"G1288m","#2975b2"
8,"G1411","#2975b2"
8,"G2036","#2975b2"
8,"G2038","#2975b2"
8,"G2041","#2975b2"
8,"G2049","#2975b2"
8,"G2193","#2975b2"
8,"G2197m","#2975b2"
8,"G2198","#2975b2"
8,"G2201","#2975b2"
8,"G2475","#2975b2"
8,"G2498m","#2975b2"
8,"G368m","#2975b2"
8,"G401m","#2975b2"
8,"G553m","#2975b2"
8,"G566m","#2975b2"
8,"G1354","#2975b2"
8,"G1367","#2975b2"
8,"G1836","#2975b2"
8,"G2166","#2975b2"
8,"G2168","#2975b2"
8,"G2297","#2975b2"
8,"G2310","#2975b2"
8,"G2414","#2975b2"
8,"G2535","#2975b2"
8,"G403m","#2975b2"
8,"G410m","#2975b2"
8,"G1481","#2975b2"
8,"G2606","#2975b2"
8,"G2610","#2975b2"
8,"G681m","#2975b2"
8,"G1780","#2975b2"
8,"G2214","#2975b2"
8,"G2465m","#2975b2"
8,"G2469","#2975b2"
9,"G04","#2e7cb5"
9,"G1246","#2e7cb5"
9,"G1308","#2e7cb5"
9,"G145","#2e7cb5"
9,"G1577","#2e7cb5"
9,"G1855m","#2e7cb5"
9,"G2215","#2e7cb5"
9,"G2338","#2e7cb5"
9,"G258","#2e7cb5"
9,"G77","#2e7cb5"
9,"G109","#2e7cb5"
9,"G1499","#2e7cb5"
9,"G1530","#2e7cb5"
9,"G1868m","#2e7cb5"
9,"G190","#2e7cb5"
9,"G2180","#2e7cb5"
9,"G2187","#2e7cb5"
9,"G2246","#2e7cb5"
9,"G2812","#2e7cb5"
9,"G2817","#2e7cb5"
9,"G2874","#2e7cb5"
9,"G2912","#2e7cb5"
9,"G2921","#2e7cb5"
9,"G2986","#2e7cb5"
9,"G357m","#2e7cb5"
9,"G1160","#2e7cb5"
9,"G1286","#2e7cb5"
9,"G1984","#2e7cb5"
9,"G501m","#2e7cb5"
9,"G1261","#2e7cb5"
9,"G1432","#2e7cb5"
9,"G2443","#2e7cb5"
9,"G2607","#2e7cb5"
9,"G693m","#2e7cb5"
9,"G764m","#2e7cb5"
9,"G1558","#2e7cb5"
9,"G1739","#2e7cb5"
9,"G1763","#2e7cb5"
9,"G1769","#2e7cb5"
9,"G1853","#2e7cb5"
9,"G2065","#2e7cb5"
9,"G2347","#2e7cb5"
9,"G2661","#2e7cb5"
9,"G1935","#2e7cb5"
9,"G246","#2e7cb5"
10,"G1058","#3483b8"
10,"G116","#3483b8"
10,"G1192","#3483b8"
10,"G1279","#3483b8"
10,"G1285","#3483b8"
10,"G1334","#3483b8"
10,"G1404","#3483b8"
10,"G1429","#3483b8"
10,"G1467","#3483b8"
10,"G1487","#3483b8"
10,"G1489","#3483b8"
10,"G1544","#3483b8"
10,"G1630","#3483b8"
10,"G1654","#3483b8"
10,"G1671","#3483b8"
10,"G1687","#3483b8"
10,"G1701","#3483b8"
10,"G1774","#3483b8"
10,"G1854","#3483b8"
10,"G1934","#3483b8"
10,"G1948","#3483b8"
10,"G2029","#3483b8"
10,"G2037","#3483b8"
10,"G2044","#3483b8"
10,"G2052","#3483b8"
10,"G2074","#3483b8"
10,"G212","#3483b8"
10,"G2134","#3483b8"
10,"G2145","#3483b8"
10,"G2188","#3483b8"
10,"G2267","#3483b8"
10,"G2305","#3483b8"
10,"G2313","#3483b8"
10,"G2345","#3483b8"
10,"G2371m","#3483b8"
10,"G2468","#3483b8"
10,"G259","#3483b8"
10,"G2695","#3483b8"
10,"G313m","#3483b8"
10,"G334","#3483b8"
10,"G460","#3483b8"
10,"G463m","#3483b8"
10,"G486","#3483b8"
10,"G545m","#3483b8"
10,"G570","#3483b8"
10,"G67m","#3483b8"
10,"G782m","#3483b8"
10,"G873m","#3483b8"
10,"G937","#3483b8"
10,"G947","#3483b8"
10,"G1185","#3483b8"
10,"G1191","#3483b8"
10,"G126","#3483b8"
10,"G1351","#3483b8"
10,"G1359","#3483b8"
10,"G1378","#3483b8"
10,"G1496","#3483b8"
10,"G1497","#3483b8"
10,"G1583","#3483b8"
10,"G1615m","#3483b8"
10,"G1661","#3483b8"
10,"G1693","#3483b8"
10,"G1907","#3483b8"
10,"G1967","#3483b8"
10,"G1989","#3483b8"
10,"G1994","#3483b8"
10,"G2436","#3483b8"
10,"G2478","#3483b8"
10,"G2491","#3483b8"
10,"G2534","#3483b8"
10,"G548","#3483b8"
10,"G627m","#3483b8"
10,"G634m","#3483b8"
10,"G824m","#3483b8"
10,"G987","#3483b8"
11,"G1476","#3a8bbb"
11,"G1617","#3a8bbb"
11,"G2312","#3a8bbb"
11,"G2415","#3a8bbb"
11,"G278m","#3a8bbb"
11,"G924","#3a8bbb"
11,"G1604","#3a8bbb"
11,"G1704","#3a8bbb"
11,"G1821","#3a8bbb"
11,"G1862","#3a8bbb"
11,"G1983m","#3a8bbb"
11,"G1986","#3a8bbb"
11,"G2020","#3a8bbb"
11,"G2023m","#3a8bbb"
11,"G2143","#3a8bbb"
11,"G2155m","#3a8bbb"
11,"G2209","#3a8bbb"
11,"G2485","#3a8bbb"
11,"G2755","#3a8bbb"
11,"G1787","#3a8bbb"
11,"G1940","#3a8bbb"
12,"G1002","#3f92be"
12,"G1238FE28","#3f92be"
12,"G1458","#3f92be"
12,"G1537","#3f92be"
12,"G1731","#3f92be"
12,"G1743","#3f92be"
12,"G1786","#3f92be"
12,"G1801","#3f92be"
12,"G1827","#3f92be"
12,"G1885","#3f92be"
12,"G1985","#3f92be"
12,"G2070","#3f92be"
12,"G2125","#3f92be"
12,"G2147","#3f92be"
12,"G2176m","#3f92be"
12,"G2314","#3f92be"
12,"G2965","#3f92be"
12,"G2982","#3f92be"
12,"G525m","#3f92be"
12,"G669","#3f92be"
12,"G879m","#3f92be"
12,"G164","#3f92be"
12,"G168","#3f92be"
12,"G1958","#3f92be"
12,"G2512","#3f92be"
12,"G2706","#3f92be"
12,"G2970","#3f92be"
12,"G2971","#3f92be"
12,"G2978","#3f92be"
12,"G1953","#3f92be"
12,"G2017","#3f92be"
12,"G2071","#3f92be"
12,"G2092","#3f92be"
12,"G2173","#3f92be"
12,"G2174","#3f92be"
12,"G2211","#3f92be"
12,"G2259","#3f92be"
12,"G2261","#3f92be"
12,"G243","#3f92be"
12,"G2798Lib2","#3f92be"
12,"G2801","#3f92be"
12,"G2805","#3f92be"
12,"G2894","#3f92be"
12,"G3003","#3f92be"
12,"G561m","#3f92be"
12,"G694m","#3f92be"
12,"G757m","#3f92be"
12,"G856m","#3f92be"
12,"G901","#3f92be"
13,"G1011","#4599c1"
13,"G1449","#4599c1"
13,"G1571","#4599c1"
13,"G1603","#4599c1"
13,"G1610","#4599c1"
13,"G1732","#4599c1"
13,"G1823","#4599c1"
13,"G1859","#4599c1"
13,"G201","#4599c1"
13,"G2130","#4599c1"
13,"G2273","#4599c1"
13,"G2631","#4599c1"
13,"G2641","#4599c1"
13,"G2654","#4599c1"
13,"G2779","#4599c1"
13,"G2920","#4599c1"
13,"G621m","#4599c1"
13,"G637m","#4599c1"
13,"G882m","#4599c1"
13,"G1036","#4599c1"
13,"G1825","#4599c1"
13,"G1998","#4599c1"
13,"G2707","#4599c1"
13,"G2789","#4599c1"
13,"G2062","#4599c1"
13,"G2580","#4599c1"
14,"G1023","#4ba0c3"
14,"G1725","#4ba0c3"
14,"G945","#4ba0c3"
14,"G1784","#4ba0c3"
14,"G984","#4ba0c3"
14,"G2048","#4ba0c3"
14,"G2809","#4ba0c3"
14,"G826m","#4ba0c3"
14,"G2704","#4ba0c3"
14,"G922","#4ba0c3"
15,"G119","#51a8c6"
15,"G1557","#51a8c6"
15,"G2316","#51a8c6"
15,"G2318","#51a8c6"
15,"G2822","#51a8c6"
15,"G1302m","#51a8c6"
15,"G1923","#51a8c6"
15,"G214","#51a8c6"
15,"G2602","#51a8c6"
15,"G60","#51a8c6"
15,"G143","#51a8c6"
15,"G2064","#51a8c6"
15,"G2319","#51a8c6"
15,"G2843","#51a8c6"
15,"G1461","#51a8c6"
15,"G1585","#51a8c6"
15,"G1715","#51a8c6"
15,"G2039","#51a8c6"
15,"G2137","#51a8c6"
15,"G2152","#51a8c6"
15,"G2416","#51a8c6"
15,"G2460","#51a8c6"
15,"G2632","#51a8c6"
15,"G2671","#51a8c6"
15,"G3062","#51a8c6"
16,"G1303","#57afc9"
16,"G1570","#57afc9"
16,"G1578","#57afc9"
16,"G2133","#57afc9"
16,"G2567","#57afc9"
16,"G623m","#57afc9"
16,"G778m","#57afc9"
16,"G917","#57afc9"
16,"G1938","#57afc9"
16,"G2249","#57afc9"
16,"G453m","#57afc9"
16,"G2547","#57afc9"
16,"G280","#57afc9"
17,"G1009","#5cb6cc"
17,"G1631","#5cb6cc"
17,"G1753","#5cb6cc"
17,"G1932","#5cb6cc"
17,"G1944","#5cb6cc"
17,"G1962","#5cb6cc"
17,"G2178m","#5cb6cc"
17,"G229","#5cb6cc"
17,"G2626","#5cb6cc"
17,"G482m","#5cb6cc"
17,"G661m","#5cb6cc"
17,"G85","#5cb6cc"
17,"G995","#5cb6cc"
17,"G1018","#5cb6cc"
17,"G24","#5cb6cc"
17,"G261","#5cb6cc"
17,"G583m","#5cb6cc"
17,"G1365","#5cb6cc"
17,"G1924","#5cb6cc"
17,"G2066","#5cb6cc"
17,"G2156","#5cb6cc"
17,"G2328","#5cb6cc"
17,"G2332","#5cb6cc"
17,"G564m","#5cb6cc"
17,"G200","#5cb6cc"
17,"G268","#5cb6cc"
17,"G393m","#5cb6cc"
17,"G2169","#5cb6cc"
17,"G2172","#5cb6cc"
18,"G1161","#62becf"
18,"G1736","#62becf"
18,"G2238","#62becf"
18,"G2650","#62becf"
18,"G551m","#62becf"
18,"G1507","#62becf"
18,"G1733","#62becf"
18,"G1757","#62becf"
18,"G1791","#62becf"
18,"G1803","#62becf"
18,"G2830","#62becf"
18,"G440","#62becf"
18,"G577","#62becf"
19,"G1273","#68c5d2"
19,"G1494","#68c5d2"
19,"G1495","#68c5d2"
19,"G1621","#68c5d2"
19,"G2230","#68c5d2"
19,"G871m","#68c5d2"
19,"G127","#68c5d2"
19,"G1517","#68c5d2"
19,"G1525","#68c5d2"
19,"G1635","#68c5d2"
19,"G2182","#68c5d2"
19,"G2284","#68c5d2"
19,"G1756m","#68c5d2"
19,"G2231","#68c5d2"
19,"G2452","#68c5d2"
19,"G253","#68c5d2"
19,"G91","#68c5d2"
19,"G1822","#68c5d2"
19,"G1837","#68c5d2"
19,"G1898","#68c5d2"
20,"G177m","#6ecdd6"
20,"G318","#6ecdd6"
21,"G1010","#74d4d9"
21,"G1063","#74d4d9"
21,"G1089","#74d4d9"
21,"G1105m","#74d4d9"
21,"G1144","#74d4d9"
21,"G1277","#74d4d9"
21,"G1433","#74d4d9"
21,"G1563","#74d4d9"
21,"G1611","#74d4d9"
21,"G1664","#74d4d9"
21,"G166","#74d4d9"
21,"G1678","#74d4d9"
21,"G1724","#74d4d9"
21,"G1754","#74d4d9"
21,"G176","#74d4d9"
21,"G1770","#74d4d9"
21,"G1772","#74d4d9"
21,"G205","#74d4d9"
21,"G2099","#74d4d9"
21,"G2114","#74d4d9"
21,"G2120","#74d4d9"
21,"G2136","#74d4d9"
21,"G2206","#74d4d9"
21,"G222","#74d4d9"
21,"G2276","#74d4d9"
21,"G2278","#74d4d9"
21,"G2334","#74d4d9"
21,"G2383","#74d4d9"
21,"G2479","#74d4d9"
21,"G247","#74d4d9"
21,"G2688","#74d4d9"
21,"G2705","#74d4d9"
21,"G2806","#74d4d9"
21,"G2807","#74d4d9"
21,"G317m","#74d4d9"
21,"G409","#74d4d9"
21,"G471m","#74d4d9"
21,"G654m","#74d4d9"
21,"G885","#74d4d9"
21,"G951","#74d4d9"
21,"G958","#74d4d9"
21,"G989","#74d4d9"
21,"G1154","#74d4d9"
21,"G1156","#74d4d9"
21,"G139","#74d4d9"
21,"G1440","#74d4d9"
21,"G1711","#74d4d9"
21,"G1795","#74d4d9"
21,"G1824","#74d4d9"
21,"G19","#74d4d9"
21,"G204","#74d4d9"
21,"G2112","#74d4d9"
21,"G2146","#74d4d9"
21,"G2275","#74d4d9"
21,"G228","#74d4d9"
21,"G2307","#74d4d9"
21,"G255","#74d4d9"
21,"G2581","#74d4d9"
21,"G2638","#74d4d9"
21,"G2827","#74d4d9"
21,"G302m","#74d4d9"
21,"G377","#74d4d9"
21,"G883","#74d4d9"
21,"G940","#74d4d9"
22,"G1128","#7adcdc"
22,"G122","#7adcdc"
22,"G1562","#7adcdc"
22,"G1620","#7adcdc"
22,"G1628","#7adcdc"
22,"G1697","#7adcdc"
22,"G1718","#7adcdc"
22,"G2098","#7adcdc"
22,"G2622","#7adcdc"
22,"G2668","#7adcdc"
22,"G1304","#7adcdc"
22,"G1305","#7adcdc"
22,"G2091","#7adcdc"
22,"G1309","#7adcdc"
22,"G1310","#7adcdc"
22,"G1521","#7adcdc"
22,"G1573","#7adcdc"
22,"G1579","#7adcdc"
22,"G1634","#7adcdc"
22,"G1817","#7adcdc"
22,"G1818","#7adcdc"
22,"G1906","#7adcdc"
22,"G2163m","#7adcdc"
22,"G227","#7adcdc"
22,"G2500","#7adcdc"
22,"G2501","#7adcdc"
22,"G2645","#7adcdc"
22,"G1637","#7adcdc"
22,"G1675","#7adcdc"
22,"G1861","#7adcdc"
22,"G2103","#7adcdc"
22,"G1966","#7adcdc"
22,"G2791","#7adcdc"
22,"G770m","#7adcdc"
23,"G1015","#80e3df"
23,"G103","#80e3df"
23,"G1158m","#80e3df"
23,"G1204","#80e3df"
23,"G1258","#80e3df"
23,"G1270","#80e3df"
23,"G128","#80e3df"
23,"G1327","#80e3df"
23,"G1376","#80e3df"
23,"G1379","#80e3df"
23,"G1407","#80e3df"
23,"G1501FE36","#80e3df"
23,"G1586","#80e3df"
23,"G1663","#80e3df"
23,"G1758","#80e3df"
23,"G1896m","#80e3df"
23,"G1921","#80e3df"
23,"G1936","#80e3df"
23,"G1957","#80e3df"
23,"G2090","#80e3df"
23,"G2151","#80e3df"
23,"G2204","#80e3df"
23,"G2233","#80e3df"
23,"G2234","#80e3df"
23,"G2236","#80e3df"
23,"G2244","#80e3df"
23,"G226","#80e3df"
23,"G2511","#80e3df"
23,"G2527","#80e3df"
23,"G2761","#80e3df"
23,"G2953","#80e3df"
23,"G3077","#80e3df"
23,"G406m","#80e3df"
23,"G650","#80e3df"
23,"G788FE29","#80e3df"
23,"G839m","#80e3df"
23,"G850m","#80e3df"
23,"G108","#80e3df"
23,"G1141","#80e3df"
23,"G123","#80e3df"
23,"G1320","#80e3df"
23,"G1350","#80e3df"
23,"G142","#80e3df"
23,"G1437","#80e3df"
23,"G146m","#80e3df"
23,"G1524","#80e3df"
23,"G1576","#80e3df"
23,"G1651","#80e3df"
23,"G1708","#80e3df"
23,"G1747","#80e3df"
23,"G1751","#80e3df"
23,"G1761","#80e3df"
23,"G1799","#80e3df"
23,"G1805","#80e3df"
23,"G1831","#80e3df"
23,"G1839","#80e3df"
23,"G1911","#80e3df"
23,"G1996","#80e3df"
23,"G2022","#80e3df"
23,"G2055m","#80e3df"
23,"G2057","#80e3df"
23,"G2079","#80e3df"
23,"G2081","#80e3df"
23,"G2138","#80e3df"
23,"G2202","#80e3df"
23,"G2232","#80e3df"
23,"G2248","#80e3df"
23,"G2271","#80e3df"
23,"G2290","#80e3df"
23,"G2343Lib2","#80e3df"
23,"G2486","#80e3df"
23,"G2496","#80e3df"
23,"G250","#80e3df"
23,"G260","#80e3df"
23,"G2623","#80e3df"
23,"G2648","#80e3df"
23,"G2709","#80e3df"
23,"G2730","#80e3df"
23,"G2740","#80e3df"
23,"G2749","#80e3df"
23,"G2773","#80e3df"
23,"G2804","#80e3df"
23,"G2831","#80e3df"
23,"G290m","#80e3df"
23,"G322m","#80e3df"
23,"G351","#80e3df"
23,"G419m","#80e3df"
23,"G474m","#80e3df"
23,"G549m","#80e3df"
23,"G675","#80e3df"
23,"G832m","#80e3df"
23,"G835m","#80e3df"
23,"G84","#80e3df"
23,"G977","#80e3df"
23,"G99","#80e3df"
24,"G1017","#86ebe2"
24,"G1727","#86ebe2"
24,"G1992","#86ebe2"
24,"G2135","#86ebe2"
24,"G2177","#86ebe2"
24,"G2252","#86ebe2"
24,"G2458m","#86ebe2"
24,"G2459m","#86ebe2"
24,"G2466","#86ebe2"
24,"G2476","#86ebe2"
24,"G120","#86ebe2"
24,"G1314","#86ebe2"
24,"G1469","#86ebe2"
24,"G1564","#86ebe2"
24,"G1742","#86ebe2"
24,"G1782","#86ebe2"
24,"G1954","#86ebe2"
24,"G1971","#86ebe2"
24,"G2772","#86ebe2"
24,"G408m","#86ebe2"
24,"G431m","#86ebe2"
24,"G435m","#86ebe2"
24,"G444","#86ebe2"
24,"G565m","#86ebe2"
24,"G580m","#86ebe2"
24,"G934","#86ebe2"
24,"G94","#86ebe2"
24,"G976","#86ebe2"
24,"G1498","#86ebe2"
24,"G1636","#86ebe2"
24,"G2117","#86ebe2"
24,"G2121","#86ebe2"
24,"G2181","#86ebe2"
24,"G2417","#86ebe2"
24,"G2612","#86ebe2"
24,"G337","#86ebe2"
24,"G454m","#86ebe2"
24,"G469m","#86ebe2"
24,"G79","#86ebe2"
24,"G820","#86ebe2"
25,"G1062m","#8cf3e5"
25,"G1068","#8cf3e5"
25,"G1368","#8cf3e5"
25,"G1375","#8cf3e5"
25,"G1543","#8cf3e5"
25,"G1648","#8cf3e5"
25,"G1653","#8cf3e5"
25,"G1700","#8cf3e5"
25,"G1759","#8cf3e5"
25,"G1766","#8cf3e5"
25,"G1785","#8cf3e5"
25,"G1852","#8cf3e5"
25,"G2054m","#8cf3e5"
25,"G2075","#8cf3e5"
25,"G2154","#8cf3e5"
25,"G2160","#8cf3e5"
25,"G2164","#8cf3e5"
25,"G2413","#8cf3e5"
25,"G2783","#8cf3e5"
25,"G2962","#8cf3e5"
25,"G395m","#8cf3e5"
25,"G402m","#8cf3e5"
25,"G450m","#8cf3e5"
25,"G538m","#8cf3e5"
25,"G58","#8cf3e5"
25,"G848m","#8cf3e5"
25,"G861m","#8cf3e5"
25,"G89","#8cf3e5"
25,"G975","#8cf3e5"
25,"G990","#8cf3e5"
25,"G991","#8cf3e5"
25,"G992","#8cf3e5"
25,"G1065","#8cf3e5"
25,"G1322","#8cf3e5"
25,"G1360","#8cf3e5"
25,"G1403","#8cf3e5"
25,"G1420","#8cf3e5"
25,"G1447","#8cf3e5"
25,"G1509","#8cf3e5"
25,"G1726","#8cf3e5"
25,"G1760","#8cf3e5"
25,"G1913","#8cf3e5"
25,"G2015","#8cf3e5"
25,"G2051","#8cf3e5"
25,"G2063","#8cf3e5"
25,"G2167","#8cf3e5"
25,"G2192","#8cf3e5"
25,"G2199","#8cf3e5"
25,"G2235","#8cf3e5"
25,"G233","#8cf3e5"
25,"G2386","#8cf3e5"
25,"G2867","#8cf3e5"
25,"G1202","#8cf3e5"
25,"G1321","#8cf3e5"
25,"G1344","#8cf3e5"
25,"G1514","#8cf3e5"
25,"G1638","#8cf3e5"
25,"G1652","#8cf3e5"
25,"G1900","#8cf3e5"
25,"G1926","#8cf3e5"
25,"G1942","#8cf3e5"
25,"G2030","#8cf3e5"
25,"G2080","#8cf3e5"
25,"G211","#8cf3e5"
25,"G2191","#8cf3e5"
25,"G2767","#8cf3e5"
25,"G2954","#8cf3e5"
25,"G439m","#8cf3e5"
25,"G594m","#8cf3e5"
25,"G1536","#8cf3e5"
25,"G2102","#8cf3e5"
25,"G465","#8cf3e5"
25,"G497m","#8cf3e5"
25,"G500m","#8cf3e5"
25,"G512m","#8cf3e5"
26,"G1019","#92fae8"
26,"G110","#92fae8"
26,"G1195","#92fae8"
26,"G1198","#92fae8"
26,"G1243","#92fae8"
26,"G1357m","#92fae8"
26,"G1516","#92fae8"
26,"G1523","#92fae8"
26,"G1528","#92fae8"
26,"G1609","#92fae8"
26,"G1657","#92fae8"
26,"G1713","#92fae8"
26,"G1716m","#92fae8"
26,"G1964","#92fae8"
26,"G217","#92fae8"
26,"G2225","#92fae8"
26,"G2239","#92fae8"
26,"G2423","#92fae8"
26,"G2656","#92fae8"
26,"G2726","#92fae8"
26,"G2803","#92fae8"
26,"G2821","#92fae8"
26,"G320m","#92fae8"
26,"G568m","#92fae8"
26,"G597","#92fae8"
26,"G69","#92fae8"
26,"G880m","#92fae8"
26,"G1113","#92fae8"
26,"G1612","#92fae8"
26,"G1893","#92fae8"
26,"G2042","#92fae8"
26,"G216","#92fae8"
26,"G508m","#92fae8"
26,"G910","#92fae8"
26,"G111","#92fae8"
26,"G149m","#92fae8"
26,"G1512","#92fae8"
26,"G1646","#92fae8"
26,"G1684","#92fae8"
26,"G1773","#92fae8"
26,"G182","#92fae8"
26,"G1920","#92fae8"
26,"G2194","#92fae8"
26,"G2265","#92fae8"
26,"G358m","#92fae8"
26,"G2254","#92fae8"
26,"G2255","#92fae8"
26,"G2263","#92fae8"
26,"G2341","#92fae8"
27,"G1061","#acffe8"
27,"G1616","#acffe8"
27,"G2243","#acffe8"
27,"G2456","#acffe8"
27,"G2457","#acffe8"
27,"G982","#acffe8"
27,"G321m","#acffe8"
27,"G442m","#acffe8"
28,"G1188","#daffe4"
28,"G1567","#daffe4"
28,"G2097","#daffe4"
28,"G2462","#daffe4"
28,"G2765","#daffe4"
28,"G2786","#daffe4"
28,"G3064","#daffe4"
28,"G3072","#daffe4"
28,"G446","#daffe4"
28,"G837m","#daffe4"
28,"G881m","#daffe4"
28,"G932","#daffe4"
28,"G1356","#daffe4"
28,"G1686","#daffe4"
28,"G441m","#daffe4"
28,"G1421","#daffe4"
28,"G2096","#daffe4"
28,"G2430","#daffe4"
28,"G2750","#daffe4"
28,"G560","#daffe4"
28,"G925","#daffe4"
29,"G1199","#fff6db"
29,"G1200","#fff6db"
29,"G1863","#fff6db"
29,"G1869m","#fff6db"
29,"G2190","#fff6db"
29,"G2808","#fff6db"
29,"G2813","#fff6db"
29,"G1672","#fff6db"
29,"G701m","#fff6db"
29,"G2490","#fff6db"
30,"G1522","#ffecd6"
30,"G2294","#ffecd6"
30,"G2306","#ffecd6"
30,"G2309","#ffecd6"
30,"G2326","#ffecd6"
30,"G2344","#ffecd6"
30,"G554","#ffecd6"
30,"G572","#ffecd6"
31,"G101","#ffe3d1"
31,"G2165","#ffe3d1"
31,"G919","#ffe3d1"
31,"G1312","#ffe3d1"
31,"G1325","#ffe3d1"
31,"G150m","#ffe3d1"
31,"G1762","#ffe3d1"
31,"G196","#ffe3d1"
31,"G2107","#ffe3d1"
31,"G2477","#ffe3d1"
31,"G926","#ffe3d1"
32,"G1180","#ffd9cd"
32,"G1181","#ffd9cd"
32,"G1446","#ffd9cd"
32,"G1965","#ffd9cd"
32,"G2725","#ffd9cd"
32,"G2856","#ffd9cd"
32,"G405m","#ffd9cd"
32,"G76","#ffd9cd"
33,"G1328","#ffcfc8"
33,"G2472","#ffcfc8"
33,"G2828","#ffcfc8"
33,"G407m","#ffcfc8"
33,"G81","#ffcfc8"
33,"G1988","#ffcfc8"
33,"G2101","#ffcfc8"
33,"G868m","#ffcfc8"
34,"G1519m","#ffc5c3"
34,"G1613","#ffc5c3"
34,"G1647","#ffc5c3"
34,"G2743","#ffc5c3"
34,"G1914","#ffc5c3"
35,"G1022","#ffbbbd"
35,"G135","#ffbbbd"
35,"G2144","#ffbbbd"
35,"G579","#ffbbbd"
35,"G1280","#ffbbbd"
35,"G213","#ffbbbd"
35,"G1741","#ffbbbd"
35,"G2031m","#ffbbbd"
35,"G2148m","#ffbbbd"
35,"G2796","#ffbbbd"
36,"G1293","#ffb1b8"
36,"G1767","#ffb1b8"
36,"G1841","#ffb1b8"
36,"G2222","#ffb1b8"
36,"G1438","#ffb1b8"
36,"G1459","#ffb1b8"
36,"G1728","#ffb1b8"
36,"G1765","#ffb1b8"
36,"G1850","#ffb1b8"
36,"G1870","#ffb1b8"
36,"G191","#ffb1b8"
36,"G1968","#ffb1b8"
36,"G2072","#ffb1b8"
36,"G2083","#ffb1b8"
36,"G2296","#ffb1b8"
36,"G459m","#ffb1b8"
36,"G478m","#ffb1b8"
36,"G642","#ffb1b8"
36,"G682","#ffb1b8"
36,"G979","#ffb1b8"
36,"G152","#ffb1b8"
36,"G1946","#ffb1b8"
36,"G314m","#ffb1b8"
36,"G1745m","#ffb1b8"
36,"G2119","#ffb1b8"
36,"G2669","#ffb1b8"
36,"G2684","#ffb1b8"
36,"G307m","#ffb1b8"
36,"G308m","#ffb1b8"
36,"G2033","#ffb1b8"
36,"G2186","#ffb1b8"
36,"G2200","#ffb1b8"
37,"G1369","#ffa6b3"
37,"G1849m","#ffa6b3"
37,"G2026","#ffa6b3"
37,"G2295","#ffa6b3"
37,"G2298","#ffa6b3"
37,"G1518","#ffa6b3"
37,"G3060","#ffa6b3"
37,"G2016","#ffa6b3"
37,"G768m","#ffa6b3"
38,"G1614","#ff9cad"
38,"G2258","#ff9cad"
38,"G2289","#ff9cad"
38,"G2291","#ff9cad"
38,"G2293","#ff9cad"
39,"G1889","#ff90a8"
39,"G1939","#ff90a8"
39,"G208","#ff90a8"
39,"G2653","#ff90a8"
39,"G2780","#ff90a8"
39,"G63","#ff90a8"
39,"G733","#ff90a8"
39,"G78","#ff90a8"
39,"G2196","#ff90a8"
39,"G536m","#ff90a8"
40,"G1043","#ff85a2"
40,"G3073","#ff85a2"
40,"G1500FE27","#ff85a2"
40,"G1660","#ff85a2"
40,"G2450","#ff85a2"
40,"G2875","#ff85a2"
41,"G1093m","#ff799b"
41,"G581m","#ff799b"
41,"G1349","#ff799b"
41,"G183","#ff799b"
41,"G1532","#ff799b"
41,"G1912","#ff799b"
41,"G1892","#ff799b"
41,"G257","#ff799b"
41,"G2497","#ff799b"
41,"G891","#ff799b"
42,"G1492","#ff6b95"
42,"G1705","#ff6b95"
42,"G2463","#ff6b95"
42,"G851m","#ff6b95"
42,"G1943","#ff6b95"
42,"G2128","#ff6b95"
42,"G630m","#ff6b95"
42,"G810m","#ff6b95"
42,"G818m","#ff6b95"
43,"G2541","#ff5d8d"
43,"G2911","#ff5d8d"
44,"G1056","#ff4d85"
44,"G348m","#ff4d85"
44,"G1296","#ff4d85"
44,"G1353m","#ff4d85"
44,"G202","#ff4d85"
44,"G3004","#ff4d85"
45,"G1107","#ff387b"
45,"G1274","#ff387b"
45,"G137","#ff387b"
45,"G1619","#ff387b"
45,"G1865","#ff387b"
45,"G1955","#ff387b"
45,"G2034","#ff387b"
45,"G2213","#ff387b"
45,"G2300m","#ff387b"
45,"G878","#ff387b"
46,"G1618","#ff1a6b"
46,"G1740","#ff1a6b"
46,"G584m","#ff1a6b"
47,"G1133m","#f8005c"
47,"G2657","#f8005c"
47,"G2766","#f8005c"
47,"G2237","#f8005c"
47,"G2241","#f8005c"
48,"G1190","#ed0058"
48,"G262","#ed0058"
48,"G641m","#ed0058"
48,"G1568","#ed0058"
48,"G1826","#ed0058"
48,"G26","#ed0058"
48,"G2301","#ed0058"
48,"G3057","#ed0058"
49,"G1452","#e10054"
49,"G1866m","#e10054"
49,"G2615","#e10054"
49,"G1581","#e10054"
49,"G2959","#e10054"
49,"G1956","#e10054"
49,"G2292","#e10054"
50,"G1999","#d60050"
50,"G2162","#d60050"
50,"G2302","#d60050"
50,"G2418","#d60050"
50,"G350m","#d60050"
50,"G876m","#d60050"
50,"G2727","#d60050"
51,"G1268","#ca004c"
51,"G1269","#ca004c"
51,"G1355","#ca004c"
51,"G1323","#ca004c"
51,"G1329","#ca004c"
51,"G180m","#ca004c"
51,"G2089","#ca004c"
51,"G2203","#ca004c"
51,"G266","#ca004c"
51,"G2770","#ca004c"
51,"G428m","#ca004c"
51,"G1542","#ca004c"
51,"G2104","#ca004c"
51,"G1857m","#ca004c"
51,"G209","#ca004c"
51,"G2184","#ca004c"
51,"G2410","#ca004c"
51,"G2785","#ca004c"
51,"G665","#ca004c"
51,"G684m","#ca004c"
52,"G1366","#bf0049"
52,"G1969","#bf0049"
52,"G1465","#bf0049"
52,"G2245","#bf0049"
52,"G242","#bf0049"
52,"G467m","#bf0049"
52,"G2308m","#bf0049"
52,"G559","#bf0049"
52,"G245m","#bf0049"
52,"G2981","#bf0049"
53,"G1633","#b40045"
53,"G1702","#b40045"
53,"G1819","#b40045"
53,"G468m","#b40045"
53,"G558m","#b40045"
53,"G863m","#b40045"
53,"G1945","#b40045"
53,"G563","#b40045"
53,"G651m","#b40045"
53,"G75","#b40045"
54,"G1431","#a90041"
54,"G2470","#a90041"
54,"G25","#a90041"
54,"G2691","#a90041"
54,"G1685","#a90041"
54,"G1750","#a90041"
55,"G1683","#9e003e"
55,"G3053","#9e003e"
55,"G960","#9e003e"
55,"G2471","#9e003e"
56,"G1835","#93003a"
56,"G1851","#93003a"
56,"G2185","#93003a"
56,"G2636","#93003a"
56,"G186","#93003a"
